23_1115.jpg,154,130,196,189,smoke
23_2385.jpg,251,98,296,223,phone
22_480_1.jpg,112,199,150,272,smoke
8_660_1.jpg,113,158,141,172,smoke
1_445_1.jpg,36,128,99,269,phone
0_250_1.jpg,147,207,194,228,smoke
8_865_1.jpg,216,103,273,215,phone
0_230_1.jpg,122,208,148,223,smoke
22_105_1.jpg,101,249,144,298,smoke
0_390_1.jpg,157,217,228,267,smoke
23_837.jpg,61,120,83,244,phone
22_1060_1.jpg,115,200,158,243,smoke
23_1760.jpg,55,118,80,267,phone
23_62.jpg,214,97,253,287,phone
19_525_1.jpg,104,158,126,182,smoke
23_1758.jpg,154,153,186,193,smoke
19_415_1.jpg,42,113,84,253,phone
7_770_2.jpg,155,157,206,173,smoke
11_1040_1.jpg,149,166,200,189,smoke
15_430_1.jpg,169,169,201,201,smoke
8_655_1.jpg,118,150,147,170,smoke
6_865_1.jpg,79,177,128,197,smoke
23_1926.jpg,164,69,290,190,phone
5_1205_1.jpg,136,129,160,154,smoke
13_1405_1.jpg,70,195,120,214,smoke
22_625_1.jpg,53,176,120,234,smoke
23_389.jpg,58,116,85,242,phone
7_635_2.jpg,96,164,145,187,smoke
8_685_1.jpg,107,155,144,175,smoke
0_5_1.jpg,138,209,150,229,smoke
6_20_1.jpg,36,76,85,270,phone
23_639.jpg,215,95,253,222,phone
23_2060.jpg,53,117,91,267,phone
7_790_2.jpg,157,158,211,184,smoke
3_780_1.jpg,53,107,117,241,phone
5_1325_1.jpg,117,138,141,156,smoke
0_405_1.jpg,140,217,155,256,smoke
2_365_1.jpg,71,226,137,276,smoke
1_385_1.jpg,52,130,86,280,phone
23_1057.jpg,165,129,191,201,smoke
15_415_1.jpg,148,157,171,190,smoke
22_705_1.jpg,121,168,141,239,smoke
1_570_1.jpg,208,124,240,280,phone
23_25.jpg,215,108,243,248,phone
13_1455_1.jpg,168,149,216,194,smoke
23_206.jpg,171,160,216,211,smoke
22_475_1.jpg,77,230,155,267,smoke
23_2216.jpg,61,123,86,244,phone
2_150_1.jpg,181,232,227,266,smoke
6_945_1.jpg,192,162,256,177,smoke
22_840_1.jpg,74,223,128,259,smoke
22_635_1.jpg,128,243,148,283,smoke
23_157.jpg,243,89,276,240,phone
0_700_1.jpg,124,187,153,218,smoke
22_505_1.jpg,149,171,174,231,smoke
22_495_1.jpg,124,244,161,289,smoke
2_395_1.jpg,55,219,129,268,smoke
8_705_1.jpg,116,159,147,185,smoke
14_5_1.jpg,12,85,97,204,phone
8_755_1.jpg,184,150,227,161,smoke
23_687.jpg,210,112,249,243,phone
0_180_1.jpg,133,214,149,252,smoke
23_396.jpg,214,91,241,227,phone
23_507.jpg,219,84,259,233,phone
0_10_1.jpg,152,221,216,286,smoke
1_615_1.jpg,203,133,258,266,phone
23_571.jpg,134,153,154,180,smoke
20_780_1.jpg,120,122,150,159,smoke
23_89.jpg,210,94,258,181,phone
0_190_1.jpg,145,211,200,237,smoke
22_210_1.jpg,66,176,128,245,smoke
20_735_1.jpg,186,135,259,172,smoke
6_795_1.jpg,86,146,126,175,smoke
6_25_2.jpg,46,82,91,277,phone
15_405_1.jpg,151,158,176,188,smoke
1_480_1.jpg,51,128,88,300,phone
12_15_2.jpg,45,115,96,247,phone
4_455_1.jpg,51,145,110,177,smoke
22_930_1.jpg,153,207,183,263,smoke
0_145_1.jpg,130,108,149,192,smoke
22_1210_1.jpg,78,213,134,238,smoke
0_200_1.jpg,125,211,146,240,smoke
22_385_1.jpg,131,200,200,248,smoke
23_64.jpg,219,122,251,294,phone
0_265_1.jpg,66,160,135,201,smoke
3_755_1.jpg,65,121,96,233,phone
3_745_1.jpg,64,130,104,234,phone
0_620_1.jpg,102,212,148,246,smoke
23_1089.jpg,168,119,218,170,smoke
23_275.jpg,52,93,75,208,phone
17_560_1.jpg,80,99,123,161,smoke
0_215_1.jpg,63,183,130,206,smoke
23_892.jpg,221,115,270,253,phone
23_1274.jpg,47,119,83,261,phone
0_745_1.jpg,140,206,159,231,smoke
9_825_1.jpg,197,174,249,299,phone
0_160_1.jpg,112,211,150,256,smoke
23_1641.jpg,155,114,176,167,smoke
23_57.jpg,52,116,110,297,phone
0_185_1.jpg,140,209,153,233,smoke
14_90_1.jpg,43,92,82,238,phone
1_425_1.jpg,46,130,80,277,phone
13_1700_1.jpg,196,171,249,207,smoke
22_485_1.jpg,72,223,127,266,smoke
14_25_1.jpg,9,95,99,203,phone
0_460_1.jpg,148,209,194,230,smoke
12_595_1.jpg,137,182,155,230,smoke
5_480_1.jpg,133,115,164,150,smoke
23_476.jpg,64,128,83,294,phone
7_685_2.jpg,82,156,142,177,smoke
11_560_1.jpg,29,101,75,261,phone
6_975_1.jpg,192,174,259,198,smoke
23_1333.jpg,229,96,293,177,phone
7_810_2.jpg,154,158,209,185,smoke
1_495_1.jpg,58,131,87,298,phone
0_630_1.jpg,95,175,145,215,smoke
6_850_1.jpg,82,174,130,201,smoke
13_1760_1.jpg,156,135,191,195,smoke
23_1107.jpg,55,105,79,245,phone
4_500_1.jpg,138,162,159,182,smoke
19_520_1.jpg,56,150,96,163,smoke
12_380_2.jpg,49,127,110,235,phone
23_834.jpg,225,92,262,229,phone
11_1055_1.jpg,137,185,177,216,smoke
23_226.jpg,208,81,248,214,phone
23_496.jpg,53,99,86,219,phone
23_1289.jpg,20,140,74,271,phone
10_650_1.jpg,220,117,266,256,phone
23_31.jpg,33,131,95,231,phone
23_954.jpg,224,91,260,222,phone
1_755_1.jpg,193,124,244,285,phone
21_250_1.jpg,213,86,260,206,phone
0_665_1.jpg,126,212,146,241,smoke
22_515_1.jpg,133,202,200,248,smoke
22_835_1.jpg,76,147,123,218,smoke
0_195_1.jpg,157,220,225,278,smoke
22_230_1.jpg,75,223,132,262,smoke
0_740_1.jpg,131,206,150,227,smoke
6_335_2.jpg,31,79,106,298,phone
0_255_1.jpg,143,194,163,211,smoke
22_315_1.jpg,136,222,158,253,smoke
0_375_1.jpg,112,181,148,218,smoke
7_490_2.jpg,64,128,97,256,phone
19_505_1.jpg,87,180,114,206,smoke
14_285_1.jpg,189,105,288,216,phone
23_1616.jpg,182,151,239,277,phone
22_285_1.jpg,155,231,203,263,smoke
23_79.jpg,158,155,200,210,smoke
9_705_1.jpg,55,121,85,278,phone
22_915_1.jpg,111,215,155,236,smoke
15_125_1.jpg,41,111,105,226,phone
6_1025_2.jpg,192,170,259,198,smoke
23_1426.jpg,221,113,253,271,phone
6_805_1.jpg,80,171,128,187,smoke
23_1924.jpg,157,154,181,204,smoke
13_1500_1.jpg,134,140,148,195,smoke
15_135_1.jpg,54,137,127,224,phone
2_520_1.jpg,168,230,215,288,smoke
0_70_1.jpg,62,205,140,244,smoke
7_795_2.jpg,155,159,210,185,smoke
6_815_1.jpg,78,170,127,192,smoke
23_1404.jpg,218,98,248,233,phone
22_265_1.jpg,139,236,167,258,smoke
23_2432.jpg,217,89,250,218,phone
23_95.jpg,219,78,262,216,phone
0_685_1.jpg,141,206,162,226,smoke
22_545_1.jpg,146,185,163,263,smoke
1_310_1.jpg,64,131,92,294,phone
20_760_1.jpg,191,128,231,164,smoke
23_1499.jpg,48,116,87,280,phone
11_585_1.jpg,54,101,87,221,phone
13_1545_1.jpg,48,159,107,196,smoke
23_428.jpg,217,99,244,232,phone
22_175_1.jpg,70,227,123,269,smoke
8_940_1.jpg,30,98,87,196,phone
0_130_1.jpg,143,108,166,191,smoke
0_205_1.jpg,139,193,153,219,smoke
7_350_1.jpg,211,107,248,256,phone
23_825.jpg,219,113,240,244,phone
20_295_1.jpg,223,105,295,208,phone
22_925_1.jpg,87,255,153,276,smoke
1_405_1.jpg,48,130,77,266,phone
23_1149.jpg,220,100,252,222,phone
7_365_2.jpg,204,108,241,246,phone
20_755_1.jpg,199,131,242,162,smoke
15_150_1.jpg,45,106,99,235,phone
20_730_1.jpg,191,137,268,172,smoke
11_965_1.jpg,145,192,206,215,smoke
23_1636.jpg,220,99,248,221,phone
23_1899.jpg,219,66,254,222,phone
18_510_1.jpg,50,129,109,162,smoke
17_470_1.jpg,115,149,156,170,smoke
23_2262.jpg,207,85,238,213,phone
11_1095_1.jpg,141,192,178,223,smoke
23_826.jpg,216,104,254,227,phone
9_740_1.jpg,60,123,85,273,phone
0_550_1.jpg,111,200,152,216,smoke
23_688.jpg,220,138,266,280,phone
6_1000_1.jpg,186,176,253,202,smoke
2_330_1.jpg,74,231,133,277,smoke
13_1525_1.jpg,52,172,108,204,smoke
13_1420_1.jpg,52,174,113,204,smoke
22_410_1.jpg,124,234,154,259,smoke
15_255_1.jpg,199,101,245,232,phone
2_505_1.jpg,164,233,202,292,smoke
2_205_1.jpg,171,237,222,290,smoke
23_282.jpg,222,109,266,217,phone
22_335_1.jpg,125,243,158,289,smoke
2_430_1.jpg,77,223,138,297,smoke
22_30_1.jpg,128,241,160,279,smoke
6_300_2.jpg,33,78,112,299,phone
23_2124.jpg,167,124,197,176,smoke
23_285.jpg,150,164,177,213,smoke
0_325_1.jpg,115,208,148,227,smoke
23_101.jpg,215,105,260,241,phone
11_1105_1.jpg,140,183,167,205,smoke
2_185_1.jpg,168,238,220,296,smoke
14_375_1.jpg,46,124,103,159,smoke
7_645_2.jpg,90,159,143,181,smoke
23_2130.jpg,50,96,76,235,phone
5_1225_1.jpg,146,146,177,171,smoke
12_10_2.jpg,45,118,97,246,phone
3_530_1.jpg,214,120,283,246,phone
11_1125_1.jpg,127,160,152,176,smoke
4_330_1.jpg,84,172,137,190,smoke
19_540_1.jpg,154,168,175,193,smoke
2_70_1.jpg,56,218,120,248,smoke
0_245_1.jpg,127,211,150,245,smoke
20_795_1.jpg,79,125,123,159,smoke
23_117.jpg,0,88,82,271,phone
6_985_1.jpg,187,168,254,195,smoke
14_225_1.jpg,201,95,258,232,phone
23_1915.jpg,213,106,240,270,phone
23_1462.jpg,210,106,248,268,phone
0_480_1.jpg,154,140,208,199,smoke
23_1538.jpg,149,152,171,211,smoke
3_740_1.jpg,56,130,100,233,phone
9_985_1.jpg,54,137,98,251,phone
22_650_1.jpg,119,203,156,229,smoke
22_795_1.jpg,144,220,221,246,smoke
1_330_1.jpg,54,124,108,300,phone
23_1535.jpg,57,119,82,290,phone
5_800_1.jpg,214,81,267,212,phone
23_627.jpg,223,104,254,253,phone
23_2108.jpg,74,115,107,225,phone
23_584.jpg,109,138,152,202,smoke
1_655_1.jpg,210,128,239,283,phone
1_605_1.jpg,199,131,250,270,phone
22_905_1.jpg,120,226,145,255,smoke
12_115_2.jpg,198,124,232,268,phone
23_1519.jpg,147,157,177,207,smoke
2_15_1.jpg,71,202,130,235,smoke
19_385_1.jpg,31,104,83,258,phone
22_630_1.jpg,158,240,211,263,smoke
23_262.jpg,119,106,176,166,smoke
6_430_2.jpg,197,85,299,262,phone
19_400_1.jpg,39,110,84,253,phone
22_725_1.jpg,78,212,134,240,smoke
3_815_1.jpg,76,115,101,240,phone
15_605_1.jpg,105,115,134,156,smoke
22_1120_1.jpg,154,230,201,263,smoke
13_1535_1.jpg,54,162,110,199,smoke
23_1505.jpg,43,113,66,288,phone
7_470_2.jpg,67,130,97,257,phone
23_1869.jpg,72,131,108,256,phone
23_1099.jpg,221,114,250,242,phone
8_830_1.jpg,223,82,269,178,phone
23_569.jpg,54,107,98,248,phone
7_800_2.jpg,157,159,212,183,smoke
23_26.jpg,213,130,237,276,phone
23_2093.jpg,212,109,238,236,phone
22_290_1.jpg,80,229,134,248,smoke
11_1035_1.jpg,146,165,189,186,smoke
0_30_1.jpg,141,188,163,215,smoke
11_1150_1.jpg,147,194,201,217,smoke
23_905.jpg,39,104,83,263,phone
23_464.jpg,224,111,261,223,phone
0_155_1.jpg,146,187,179,212,smoke
22_1095_1.jpg,77,155,125,226,smoke
23_660.jpg,51,118,81,284,phone
12_515_2.jpg,123,179,155,210,smoke
0_540_1.jpg,126,211,148,243,smoke
23_2321.jpg,74,124,92,264,phone
10_875_1.jpg,10,129,107,150,smoke
0_140_1.jpg,103,114,139,192,smoke
2_335_1.jpg,69,225,135,272,smoke
22_620_1.jpg,123,136,150,231,smoke
23_2133.jpg,71,109,113,227,phone
21_240_1.jpg,218,91,268,215,phone
1_690_1.jpg,195,127,234,297,phone
23_613.jpg,148,151,181,206,smoke
12_195_2.jpg,116,101,248,240,phone
22_890_1.jpg,94,160,135,219,smoke
2_540_1.jpg,158,225,196,294,smoke
13_1400_1.jpg,72,203,125,219,smoke
0_440_1.jpg,157,208,237,244,smoke
15_75_1.jpg,37,116,109,233,phone
22_730_1.jpg,114,213,158,233,smoke
0_515_1.jpg,137,207,153,240,smoke
13_1445_1.jpg,169,140,210,191,smoke
23_2030.jpg,147,127,168,203,smoke
2_535_1.jpg,167,232,213,291,smoke
0_505_1.jpg,128,203,153,223,smoke
23_1160.jpg,222,99,256,224,phone
22_460_1.jpg,115,241,172,290,smoke
9_900_1.jpg,179,164,222,270,phone
23_637.jpg,222,121,254,271,phone
6_790_1.jpg,89,143,125,177,smoke
0_560_1.jpg,111,218,144,271,smoke
23_104.jpg,35,131,103,235,phone
14_245_1.jpg,222,93,267,245,phone
19_390_1.jpg,31,105,80,245,phone
22_955_1.jpg,57,177,124,240,smoke
0_115_1.jpg,136,211,150,243,smoke
0_410_2.jpg,123,183,148,214,smoke
8_680_1.jpg,105,157,143,179,smoke
23_913.jpg,55,110,83,217,phone
0_175_1.jpg,110,206,148,225,smoke
0_525_1.jpg,134,204,153,225,smoke
23_395.jpg,237,100,297,243,phone
12_510_2.jpg,128,178,153,219,smoke
8_965_1.jpg,41,98,87,204,phone
12_345_2.jpg,42,100,129,256,phone
22_135_1.jpg,121,170,142,238,smoke
13_1710_1.jpg,182,166,231,205,smoke
6_785_1.jpg,90,144,127,179,smoke
23_1216.jpg,220,127,251,265,phone
23_1412.jpg,51,101,92,256,phone
23_2382.jpg,59,105,98,234,phone
22_935_1.jpg,124,239,160,279,smoke
0_730_1.jpg,126,208,150,234,smoke
8_970_1.jpg,51,102,88,217,phone
22_275_1.jpg,93,171,138,251,smoke
10_830_1.jpg,136,178,161,219,smoke
7_445_2.jpg,51,119,87,256,phone
0_110_1.jpg,146,219,179,276,smoke
3_505_1.jpg,217,113,288,233,phone
13_1395_1.jpg,68,191,120,213,smoke
0_55_1.jpg,122,109,146,191,smoke
15_190_1.jpg,198,123,259,241,phone
23_109.jpg,214,112,245,257,phone
5_880_1.jpg,205,92,251,196,phone
15_220_1.jpg,128,101,286,246,phone
12_130_2.jpg,207,124,234,271,phone
22_185_1.jpg,127,223,148,246,smoke
0_625_1.jpg,128,214,152,248,smoke
11_1070_1.jpg,135,183,169,221,smoke
23_1858.jpg,221,106,258,246,phone
23_355.jpg,226,105,247,284,phone
23_34.jpg,38,120,75,253,phone
22_340_1.jpg,132,204,200,248,smoke
0_330_1.jpg,127,208,151,232,smoke
23_75.jpg,209,115,235,256,phone
5_1145_1.jpg,128,188,152,220,smoke
23_510.jpg,217,131,287,249,phone
23_1885.jpg,102,128,161,178,smoke
22_1100_1.jpg,124,240,154,281,smoke
23_15.jpg,63,121,85,300,phone
2_215_1.jpg,166,237,218,287,smoke
13_1735_1.jpg,173,152,223,199,smoke
4_280_1.jpg,173,181,230,203,smoke
23_2177.jpg,50,96,87,244,phone
23_444.jpg,227,83,248,217,phone
22_305_1.jpg,118,208,158,229,smoke
20_390_1.jpg,220,98,251,215,phone
23_617.jpg,38,100,74,272,phone
22_1180_1.jpg,123,242,155,283,smoke
13_1150_1.jpg,50,127,86,276,phone
23_1211.jpg,149,187,187,232,smoke
13_1490_1.jpg,123,127,145,189,smoke
2_155_1.jpg,173,233,224,277,smoke
0_500_1.jpg,123,210,145,237,smoke
14_295_1.jpg,191,104,289,217,phone
7_785_2.jpg,156,164,213,189,smoke
2_45_1.jpg,58,221,119,258,smoke
23_1633.jpg,227,116,250,277,phone
23_1841.jpg,204,129,224,266,phone
20_700_1.jpg,190,134,241,159,smoke
23_2255.jpg,46,110,83,253,phone
0_485_1.jpg,112,213,150,259,smoke
1_435_1.jpg,39,130,98,275,phone
1_335_1.jpg,56,129,108,299,phone
23_2005.jpg,217,109,241,233,phone
0_670_1.jpg,141,206,160,227,smoke
1_695_1.jpg,187,126,243,294,phone
2_500_1.jpg,164,233,203,286,smoke
1_305_1.jpg,63,132,94,293,phone
15_40_1.jpg,39,113,98,231,phone
17_310_1.jpg,53,115,88,228,phone
17_550_1.jpg,133,78,152,125,smoke
22_280_1.jpg,154,161,211,240,smoke
22_940_1.jpg,122,242,157,288,smoke
3_830_1.jpg,61,142,109,236,phone
2_620_1.jpg,171,244,215,289,smoke
23_1783.jpg,193,130,238,193,smoke
8_765_1.jpg,188,146,231,161,smoke
0_640_1.jpg,114,209,151,231,smoke
22_140_1.jpg,157,229,229,245,smoke
0_210_1.jpg,95,124,138,196,smoke
0_450_1.jpg,141,187,168,213,smoke
13_1765_1.jpg,159,138,197,195,smoke
23_188.jpg,151,153,178,210,smoke
12_580_1.jpg,127,181,148,205,smoke
3_560_1.jpg,194,114,245,228,phone
5_465_1.jpg,124,132,162,156,smoke
22_1000_1.jpg,86,154,127,230,smoke
23_2252.jpg,245,99,286,221,phone
0_645_1.jpg,146,214,180,258,smoke
23_2279.jpg,163,159,200,199,smoke
3_575_1.jpg,213,121,272,237,phone
23_2140.jpg,145,138,201,211,smoke
4_65_2.jpg,128,169,155,198,smoke
22_45_1.jpg,92,256,151,277,smoke
23_415.jpg,229,103,256,249,phone
15_85_1.jpg,44,129,117,229,phone
23_587.jpg,61,92,85,224,phone
0_15_1.jpg,144,211,195,231,smoke
22_660_1.jpg,138,219,163,277,smoke
1_390_1.jpg,46,130,81,260,phone
11_1060_1.jpg,134,187,174,220,smoke
23_719.jpg,221,91,264,249,phone
23_969.jpg,227,106,251,286,phone
2_260_1.jpg,179,216,232,267,smoke
15_60_1.jpg,47,107,165,220,phone
3_605_1.jpg,200,132,274,230,phone
0_100_1.jpg,115,208,148,228,smoke
10_820_1.jpg,140,181,175,220,smoke
23_1139.jpg,221,62,250,218,phone
3_540_1.jpg,213,117,274,245,phone
22_805_1.jpg,118,229,139,253,smoke
3_635_1.jpg,217,111,268,231,phone
12_235_2.jpg,176,148,244,245,phone
22_95_1.jpg,137,232,179,265,smoke
5_1190_1.jpg,135,138,164,175,smoke
0_675_1.jpg,144,189,164,211,smoke
22_470_1.jpg,77,213,133,241,smoke
18_365_1.jpg,47,104,79,186,phone
23_1446.jpg,215,99,251,287,phone
4_345_1.jpg,75,160,129,177,smoke
20_305_1.jpg,221,98,269,205,phone
11_960_1.jpg,149,178,191,196,smoke
15_95_1.jpg,42,110,107,233,phone
23_174.jpg,214,116,273,227,phone
2_555_1.jpg,161,225,206,273,smoke
4_145_1.jpg,104,157,141,180,smoke
23_930.jpg,11,134,92,220,phone
3_495_1.jpg,220,108,296,231,phone
23_923.jpg,52,108,80,245,phone
16_170_1.jpg,202,94,247,296,phone
7_695_2.jpg,78,170,137,197,smoke
2_275_1.jpg,178,218,232,268,smoke
0_220_1.jpg,60,201,137,213,smoke
23_1930.jpg,236,88,294,217,phone
0_285_1.jpg,99,208,146,226,smoke
0_315_1.jpg,151,198,193,217,smoke
23_1759.jpg,216,84,243,177,phone
14_190_1.jpg,201,102,260,223,phone
10_730_1.jpg,216,115,278,258,phone
23_559.jpg,249,99,267,243,phone
15_30_1.jpg,2,103,88,212,phone
23_1213.jpg,57,116,80,260,phone
23_1296.jpg,163,148,199,203,smoke
23_1342.jpg,215,92,258,212,phone
7_625_1.jpg,119,193,151,234,smoke
8_745_1.jpg,176,151,221,163,smoke
22_600_1.jpg,135,232,174,271,smoke
0_20_1.jpg,155,208,235,242,smoke
22_365_1.jpg,142,226,185,246,smoke
0_420_1.jpg,151,198,198,217,smoke
15_270_1.jpg,204,106,251,222,phone
1_395_1.jpg,44,127,71,258,phone
13_1130_1.jpg,54,131,91,296,phone
20_460_1.jpg,28,99,72,203,phone
23_1271.jpg,217,113,240,248,phone
23_260.jpg,237,105,297,239,phone
23_2184.jpg,55,95,81,230,phone
20_525_1.jpg,33,98,73,208,phone
22_550_1.jpg,122,242,155,285,smoke
3_795_1.jpg,40,105,119,243,phone
23_851.jpg,210,114,232,257,phone
1_710_1.jpg,177,126,250,286,phone
7_765_2.jpg,154,162,204,180,smoke
23_708.jpg,50,108,76,248,phone
20_495_1.jpg,35,100,74,211,phone
9_700_1.jpg,52,121,81,270,phone
13_1675_1.jpg,52,144,103,204,smoke
23_1280.jpg,217,94,250,241,phone
3_770_1.jpg,68,114,99,234,phone
22_1030_1.jpg,95,255,153,275,smoke
22_20_1.jpg,128,244,158,279,smoke
20_335_1.jpg,211,103,252,208,phone
1_475_1.jpg,43,130,92,293,phone
23_179.jpg,101,127,137,185,smoke
0_170_1.jpg,150,128,200,197,smoke
17_230_1.jpg,115,133,141,154,smoke
10_810_1.jpg,140,188,174,229,smoke
18_500_1.jpg,68,124,112,164,smoke
23_882.jpg,47,104,82,245,phone
22_170_1.jpg,121,200,157,226,smoke
23_692.jpg,220,97,254,234,phone
23_387.jpg,223,82,266,218,phone
7_805_2.jpg,156,160,211,185,smoke
11_1145_1.jpg,139,192,171,224,smoke
23_953.jpg,45,95,71,237,phone
14_260_1.jpg,218,92,282,239,phone
23_2000.jpg,200,99,242,216,phone
5_1005_1.jpg,209,89,271,196,phone
21_195_1.jpg,11,104,73,188,phone
22_70_1.jpg,160,231,204,263,smoke
23_1480.jpg,85,125,103,242,phone
22_965_1.jpg,111,205,132,250,smoke
23_1746.jpg,34,94,73,256,phone
23_1389.jpg,67,106,92,239,phone
11_1030_1.jpg,142,168,186,187,smoke
13_1160_1.jpg,49,137,92,289,phone
23_1247.jpg,149,170,170,195,smoke
11_615_1.jpg,40,115,94,206,phone
23_141.jpg,49,91,88,239,phone
23_696.jpg,214,98,250,227,phone
18_525_1.jpg,191,120,244,162,smoke
0_370_1.jpg,143,212,163,239,smoke
23_1767.jpg,64,99,87,227,phone
1_300_1.jpg,64,132,95,293,phone
0_165_1.jpg,140,209,153,232,smoke
22_535_1.jpg,96,238,150,282,smoke
23_1576.jpg,53,116,81,259,phone
23_150.jpg,51,125,80,236,phone
0_275_1.jpg,138,215,152,255,smoke
23_1421.jpg,66,126,100,198,phone
2_95_1.jpg,158,236,191,282,smoke
23_399.jpg,218,109,248,255,phone
6_800_1.jpg,86,158,125,180,smoke
22_640_1.jpg,77,215,131,236,smoke
2_380_1.jpg,66,218,134,266,smoke
5_1020_1.jpg,204,86,265,193,phone
10_575_1.jpg,33,93,80,245,phone
2_420_1.jpg,73,220,138,289,smoke
0_90_1.jpg,125,211,146,240,smoke
5_1340_1.jpg,115,146,144,161,smoke
0_400_1.jpg,141,195,154,220,smoke
23_550.jpg,47,102,80,213,phone
22_860_1.jpg,139,234,170,255,smoke
1_625_1.jpg,204,136,253,271,phone
23_1297.jpg,206,114,245,242,phone
10_665_1.jpg,222,122,266,269,phone
4_200_1.jpg,171,179,230,204,smoke
1_640_1.jpg,202,135,246,274,phone
22_325_1.jpg,134,134,162,239,smoke
22_780_1.jpg,124,235,150,277,smoke
19_515_1.jpg,22,137,81,165,smoke
2_515_1.jpg,163,228,208,288,smoke
14_110_1.jpg,27,90,89,221,phone
1_750_1.jpg,179,119,255,272,phone
23_501.jpg,233,99,294,195,phone
0_750_1.jpg,122,208,149,232,smoke
7_665_2.jpg,88,158,143,176,smoke
22_1050_1.jpg,121,230,141,254,smoke
0_445_1.jpg,76,140,135,197,smoke
2_385_1.jpg,60,217,133,264,smoke
23_1544.jpg,234,76,274,218,phone
9_695_1.jpg,55,119,79,276,phone
22_820_1.jpg,139,220,190,239,smoke
0_430_1.jpg,146,190,167,208,smoke
22_950_1.jpg,156,231,205,265,smoke
23_1026.jpg,68,132,90,294,phone
4_390_1.jpg,113,151,143,183,smoke
11_730_1.jpg,43,110,86,213,phone
0_25_1.jpg,111,216,148,270,smoke
23_2411.jpg,195,131,239,192,smoke
23_2192.jpg,76,152,132,191,smoke
5_830_1.jpg,209,92,256,205,phone
22_1080_1.jpg,137,214,159,248,smoke
5_790_1.jpg,207,89,260,217,phone
0_300_1.jpg,140,210,159,228,smoke
12_505_2.jpg,127,175,154,216,smoke
23_1776.jpg,161,142,198,202,smoke
23_1541.jpg,235,102,257,255,phone
12_330_2.jpg,43,128,111,244,phone
22_815_1.jpg,136,215,160,250,smoke
23_255.jpg,164,156,218,193,smoke
23_271.jpg,206,106,239,209,phone
3_570_1.jpg,214,116,273,239,phone
17_555_1.jpg,106,79,133,127,smoke
12_260_2.jpg,141,95,245,242,phone
10_555_1.jpg,28,93,80,241,phone
8_835_1.jpg,219,87,272,181,phone
10_540_1.jpg,17,94,79,230,phone
8_665_1.jpg,107,163,142,184,smoke
23_2021.jpg,141,177,163,200,smoke
23_1527.jpg,53,116,100,250,phone
7_775_2.jpg,159,157,211,173,smoke
5_810_1.jpg,207,80,260,203,phone
1_375_1.jpg,62,131,98,300,phone
23_1448.jpg,234,92,257,234,phone
14_230_1.jpg,208,100,256,240,phone
23_1977.jpg,162,138,197,195,smoke
12_700_2.jpg,149,181,174,216,smoke
13_1140_1.jpg,68,128,88,293,phone
11_650_1.jpg,19,83,147,238,phone
22_120_1.jpg,153,208,227,243,smoke
9_835_1.jpg,193,169,248,298,phone
22_1130_1.jpg,120,238,141,272,smoke
1_285_1.jpg,54,138,86,291,phone
9_955_1.jpg,54,134,100,290,phone
1_765_1.jpg,204,126,235,283,phone
6_995_1.jpg,187,178,256,205,smoke
0_85_1.jpg,102,211,148,249,smoke
22_560_1.jpg,146,209,181,242,smoke
18_285_1.jpg,222,96,268,207,phone
3_615_1.jpg,199,135,271,232,phone
18_485_1.jpg,210,125,284,157,smoke
22_1040_1.jpg,150,189,165,264,smoke
12_695_2.jpg,148,185,174,226,smoke
20_765_1.jpg,187,128,228,163,smoke
0_600_1.jpg,146,189,171,210,smoke
3_845_1.jpg,49,144,94,229,phone
23_1436.jpg,48,107,73,247,phone
20_820_1.jpg,78,122,120,156,smoke
22_15_1.jpg,132,226,162,255,smoke
12_350_2.jpg,38,97,125,245,phone
12_320_2.jpg,35,127,110,241,phone
13_1615_1.jpg,175,144,223,195,smoke
0_35_1.jpg,105,197,152,218,smoke
22_115_1.jpg,77,155,124,225,smoke
22_25_1.jpg,134,207,199,246,smoke
22_445_1.jpg,150,172,199,231,smoke
5_990_1.jpg,207,104,276,222,phone
22_440_1.jpg,120,201,156,228,smoke
4_400_1.jpg,110,151,143,182,smoke
0_610_1.jpg,140,208,162,227,smoke
23_227.jpg,195,130,244,283,phone
12_5_2.jpg,42,120,95,246,phone
23_371.jpg,51,105,85,251,phone
22_755_1.jpg,78,234,136,256,smoke
23_23.jpg,64,124,95,287,phone
8_770_1.jpg,194,149,229,165,smoke
8_930_1.jpg,23,97,81,190,phone
2_245_1.jpg,176,226,230,280,smoke
23_1164.jpg,67,114,94,262,phone
1_430_1.jpg,42,130,89,278,phone
18_505_1.jpg,41,130,103,164,smoke
3_735_1.jpg,47,140,100,231,phone
23_1437.jpg,161,132,185,203,smoke
23_1400.jpg,70,115,92,257,phone
22_715_1.jpg,114,200,156,241,smoke
0_465_1.jpg,142,208,163,233,smoke
22_205_1.jpg,112,202,149,264,smoke
22_680_1.jpg,87,254,151,274,smoke
0_415_1.jpg,110,214,148,256,smoke
23_621.jpg,200,115,245,240,phone
0_80_1.jpg,141,208,160,231,smoke
14_105_1.jpg,38,89,84,225,phone
22_420_1.jpg,88,155,129,228,smoke
22_40_1.jpg,122,199,156,239,smoke
22_1015_1.jpg,77,213,131,238,smoke
12_225_2.jpg,185,135,254,245,phone
22_1170_1.jpg,119,238,141,273,smoke
2_85_1.jpg,65,224,133,253,smoke
12_585_1.jpg,139,182,155,224,smoke
0_725_1.jpg,122,210,144,238,smoke
22_975_1.jpg,121,230,140,253,smoke
23_1185.jpg,66,120,86,274,phone
20_665_1.jpg,181,132,223,164,smoke
23_437.jpg,217,117,267,275,phone
4_150_1.jpg,102,161,141,181,smoke
7_815_2.jpg,156,160,211,187,smoke
2_30_1.jpg,72,216,128,269,smoke
23_925.jpg,211,99,250,227,phone
23_2080.jpg,54,103,81,246,phone
4_45_2.jpg,144,222,172,269,smoke
19_535_1.jpg,153,167,175,193,smoke
23_2127.jpg,159,161,195,217,smoke
20_450_1.jpg,32,101,69,205,phone
9_965_1.jpg,47,126,91,245,phone
23_401.jpg,206,93,260,210,phone
10_850_1.jpg,22,119,104,153,smoke
19_530_1.jpg,136,164,156,190,smoke
8_850_1.jpg,215,103,279,210,phone
11_725_1.jpg,47,112,88,223,phone
22_90_1.jpg,147,205,179,240,smoke
5_340_1.jpg,99,148,142,169,smoke
23_2106.jpg,50,104,85,249,phone
23_2026.jpg,231,97,283,202,phone
23_511.jpg,29,120,154,259,phone
3_720_1.jpg,39,136,95,223,phone
23_1113.jpg,152,177,191,209,smoke
23_1676.jpg,74,125,92,264,phone
13_1465_1.jpg,175,151,230,198,smoke
17_295_1.jpg,59,116,98,233,phone
0_125_1.jpg,128,212,150,245,smoke
22_350_1.jpg,143,228,204,248,smoke
6_30_1.jpg,59,85,96,279,phone
23_788.jpg,221,86,250,217,phone
20_690_1.jpg,187,136,238,161,smoke
23_1203.jpg,221,87,269,209,phone
1_350_1.jpg,55,128,105,299,phone
11_790_1.jpg,212,101,246,271,phone
0_40_1.jpg,152,223,211,296,smoke
23_1380.jpg,54,110,78,215,phone
23_592.jpg,219,102,245,227,phone
7_515_1.jpg,64,123,94,254,phone
0_60_1.jpg,100,214,147,257,smoke
20_660_1.jpg,178,130,221,165,smoke
15_230_1.jpg,124,89,252,214,phone
22_790_1.jpg,109,198,150,272,smoke
5_895_1.jpg,207,99,254,208,phone
20_320_1.jpg,216,103,258,209,phone
13_1190_1.jpg,53,133,95,293,phone
23_545.jpg,55,95,90,192,phone
22_455_1.jpg,150,171,195,233,smoke
23_47.jpg,40,103,117,299,phone
23_1749.jpg,202,113,236,237,phone
23_192.jpg,77,125,109,235,phone
1_585_1.jpg,206,125,243,276,phone
15_45_1.jpg,58,116,93,234,phone
8_690_1.jpg,105,160,144,178,smoke
23_38.jpg,214,103,261,228,phone
0_660_1.jpg,115,113,143,191,smoke
11_1115_1.jpg,129,177,158,193,smoke
19_375_1.jpg,17,125,60,279,phone
22_540_1.jpg,128,239,195,260,smoke
4_70_2.jpg,125,155,152,178,smoke
23_762.jpg,227,139,278,257,phone
13_1320_1.jpg,188,140,231,300,phone
23_1545.jpg,156,143,190,207,smoke
14_80_1.jpg,31,87,81,228,phone
23_515.jpg,223,106,244,274,phone
23_2099.jpg,218,99,246,235,phone
20_785_1.jpg,92,126,132,161,smoke
13_1410_1.jpg,72,186,119,212,smoke
1_365_1.jpg,55,131,98,299,phone
23_218.jpg,218,87,248,216,phone
23_1814.jpg,202,118,245,207,phone
22_770_1.jpg,123,242,165,289,smoke
23_2470.jpg,150,158,172,206,smoke
23_175.jpg,25,139,100,298,phone
17_480_1.jpg,126,135,155,153,smoke
1_400_1.jpg,42,125,73,260,phone
23_513.jpg,232,115,267,253,phone
23_622.jpg,221,113,253,270,phone
3_690_1.jpg,53,115,97,235,phone
23_568.jpg,58,108,84,244,phone
23_796.jpg,55,110,84,251,phone
0_150_1.jpg,139,208,153,224,smoke
23_170.jpg,234,104,263,271,phone
22_1110_1.jpg,121,168,141,240,smoke
12_105_2.jpg,193,125,235,268,phone
14_220_1.jpg,197,102,271,227,phone
21_185_1.jpg,13,95,72,189,phone
13_1495_1.jpg,125,134,145,191,smoke
5_930_1.jpg,201,89,235,201,phone
0_720_1.jpg,128,205,153,224,smoke
0_310_1.jpg,141,212,162,236,smoke
23_2248.jpg,38,123,101,234,phone
23_191.jpg,89,144,133,210,smoke
5_485_1.jpg,137,116,167,151,smoke
22_490_1.jpg,69,235,151,267,smoke
5_1220_1.jpg,146,137,174,160,smoke
2_240_1.jpg,176,228,230,280,smoke
17_235_1.jpg,99,151,133,173,smoke
0_335_1.jpg,142,201,157,222,smoke
2_415_1.jpg,67,224,136,281,smoke
22_430_1.jpg,147,172,169,232,smoke
0_360_1.jpg,144,220,175,276,smoke
22_520_1.jpg,150,180,198,232,smoke
1_500_1.jpg,56,130,87,298,phone
13_1200_1.jpg,53,133,84,299,phone
0_45_1.jpg,97,121,139,194,smoke
22_875_1.jpg,106,239,148,285,smoke
23_1907.jpg,51,105,79,247,phone
23_1145.jpg,67,134,89,297,phone
23_1863.jpg,62,127,84,261,phone
3_775_1.jpg,50,109,92,237,phone
0_595_1.jpg,139,194,155,220,smoke
23_866.jpg,57,113,83,234,phone
23_1649.jpg,234,97,290,193,phone
0_235_1.jpg,144,219,178,276,smoke
12_110_2.jpg,195,121,232,268,phone
13_1600_1.jpg,190,173,246,205,smoke
1_660_1.jpg,206,127,232,284,phone
23_2151.jpg,25,135,98,243,phone
12_610_1.jpg,138,184,153,227,smoke
8_945_1.jpg,31,97,84,198,phone
23_100.jpg,49,116,78,266,phone
22_710_1.jpg,124,241,153,279,smoke
0_545_1.jpg,127,203,150,225,smoke
14_100_1.jpg,46,88,85,227,phone
23_1080.jpg,60,136,102,241,phone
23_1176.jpg,52,122,110,279,phone
23_2067.jpg,48,90,78,223,phone
22_900_1.jpg,141,223,180,255,smoke
2_195_1.jpg,171,237,223,291,smoke
11_590_1.jpg,49,108,89,220,phone
2_20_1.jpg,75,212,131,251,smoke
0_755_1.jpg,126,208,150,233,smoke
23_1729.jpg,206,96,245,255,phone
0_120_1.jpg,121,207,149,225,smoke
22_800_1.jpg,149,170,197,234,smoke
23_1837.jpg,212,84,240,222,phone
23_909.jpg,235,96,283,286,phone
23_257.jpg,207,108,234,245,phone
2_10_1.jpg,76,199,130,226,smoke
3_565_1.jpg,205,114,255,237,phone
13_1165_1.jpg,45,138,98,284,phone
2_5_1.jpg,72,204,133,234,smoke
10_805_1.jpg,143,191,189,232,smoke
23_1067.jpg,45,113,77,276,phone
22_240_1.jpg,132,215,154,250,smoke
10_840_1.jpg,58,142,128,173,smoke
23_2203.jpg,53,107,81,252,phone
22_760_1.jpg,161,241,213,262,smoke
0_425_1.jpg,112,187,149,215,smoke
0_470_1.jpg,124,211,146,237,smoke
0_615_1.jpg,137,204,154,226,smoke
1_295_1.jpg,56,131,91,291,phone
1_340_1.jpg,55,127,104,300,phone
19_335_1.jpg,190,129,241,259,phone
23_356.jpg,216,93,259,209,phone
23_2104.jpg,223,125,246,260,phone
0_135_1.jpg,101,211,146,236,smoke
3_695_1.jpg,56,121,102,229,phone
0_475_1.jpg,127,205,152,223,smoke
0_270_1.jpg,100,217,143,282,smoke
8_955_1.jpg,35,98,88,199,phone
21_235_1.jpg,218,89,267,220,phone
23_2206.jpg,161,131,178,203,smoke
23_55.jpg,222,152,284,255,phone
0_580_1.jpg,142,207,162,227,smoke
8_695_1.jpg,110,157,143,176,smoke
0_365_1.jpg,142,210,167,230,smoke
4_385_1.jpg,121,157,147,188,smoke
23_11.jpg,58,87,96,243,phone
22_830_1.jpg,124,242,160,289,smoke
12_375_2.jpg,56,136,116,233,phone
0_95_1.jpg,109,208,150,228,smoke
22_180_1.jpg,155,229,229,245,smoke
3_595_1.jpg,212,117,281,233,phone
23_1706.jpg,70,116,88,243,phone
22_1145_1.jpg,89,154,128,229,smoke
3_880_1.jpg,68,113,104,238,phone
22_1035_1.jpg,75,157,123,226,smoke
22_250_1.jpg,130,243,177,282,smoke
20_790_1.jpg,80,125,123,159,smoke
0_680_1.jpg,123,209,145,237,smoke
23_236.jpg,218,96,251,239,phone
22_750_1.jpg,156,230,206,263,smoke
23_1660.jpg,71,108,93,236,phone
1_730_1.jpg,165,123,240,265,phone
18_305_1.jpg,206,97,249,203,phone
23_76.jpg,49,97,83,245,phone
23_1872.jpg,229,106,253,285,phone
0_305_1.jpg,145,217,185,259,smoke
0_520_1.jpg,139,206,157,226,smoke
22_740_1.jpg,141,220,188,242,smoke
8_675_1.jpg,108,160,143,184,smoke
23_477.jpg,56,105,89,250,phone
11_715_1.jpg,47,109,91,237,phone
14_395_1.jpg,52,113,105,156,smoke
23_1018.jpg,203,129,225,265,phone
0_565_1.jpg,140,209,161,226,smoke
18_475_1.jpg,150,105,187,150,smoke
5_1200_1.jpg,135,132,158,158,smoke
17_465_1.jpg,106,132,149,145,smoke
23_1025.jpg,226,88,252,227,phone
16_250_1.jpg,212,95,260,284,phone
23_381.jpg,219,97,251,227,phone
23_2102.jpg,222,94,245,224,phone
15_195_1.jpg,203,113,244,234,phone
17_535_1.jpg,148,97,191,128,smoke
23_1804.jpg,198,119,256,277,phone
11_1080_1.jpg,137,195,170,238,smoke
23_1572.jpg,228,105,252,257,phone
12_715_2.jpg,148,180,169,216,smoke
22_590_1.jpg,122,245,148,297,smoke
23_413.jpg,209,95,256,213,phone
8_740_1.jpg,185,142,232,164,smoke
20_685_1.jpg,182,134,224,162,smoke
22_580_1.jpg,88,154,128,228,smoke
23_421.jpg,24,115,98,233,phone
23_327.jpg,205,109,247,271,phone
1_685_1.jpg,204,127,232,289,phone
23_345.jpg,222,101,249,229,phone
1_680_1.jpg,206,127,234,284,phone
0_655_1.jpg,90,215,144,278,smoke
23_712.jpg,196,115,247,281,phone
23_1920.jpg,228,85,267,230,phone
2_165_1.jpg,172,243,220,287,smoke
2_605_1.jpg,159,233,203,275,smoke
22_360_1.jpg,112,207,129,252,smoke
1_420_1.jpg,54,134,85,276,phone
0_75_1.jpg,126,211,147,241,smoke
4_80_2.jpg,112,160,143,180,smoke
15_635_1.jpg,36,137,88,166,smoke
22_345_1.jpg,131,183,196,248,smoke
22_195_1.jpg,72,175,132,245,smoke
22_645_1.jpg,127,235,154,257,smoke
2_560_1.jpg,163,225,209,259,smoke
0_570_1.jpg,93,215,148,280,smoke
9_760_1.jpg,52,129,81,276,phone
23_2291.jpg,212,93,242,215,phone
11_1085_1.jpg,136,199,172,242,smoke
23_1181.jpg,89,97,145,176,smoke
4_40_2.jpg,144,231,174,278,smoke
0_345_1.jpg,131,170,153,218,smoke
23_1581.jpg,220,103,267,231,phone
22_395_1.jpg,149,181,199,233,smoke
1_590_1.jpg,204,125,246,275,phone
12_500_2.jpg,114,175,151,207,smoke
23_1836.jpg,217,107,236,275,phone
22_50_1.jpg,119,241,144,283,smoke
13_1475_1.jpg,177,154,230,199,smoke
9_850_1.jpg,183,176,224,286,phone
15_290_1.jpg,191,128,253,219,phone
0_105_1.jpg,127,207,150,223,smoke
23_205.jpg,212,119,240,256,phone
22_390_1.jpg,48,177,111,236,smoke
23_29.jpg,43,118,113,278,phone
3_710_1.jpg,40,135,100,226,phone
0_50_1.jpg,132,167,154,218,smoke
23_2176.jpg,65,128,87,297,phone
23_1384.jpg,213,120,247,256,phone
13_1310_1.jpg,182,145,221,300,phone
23_1262.jpg,217,113,239,246,phone
23_409.jpg,39,117,83,261,phone
18_490_1.jpg,188,119,249,157,smoke
0_385_1.jpg,123,210,144,237,smoke
23_114.jpg,47,122,84,195,phone
22_1205_1.jpg,121,202,158,228,smoke
0_395_1.jpg,143,210,167,229,smoke
1_320_1.jpg,57,126,108,299,phone
15_110_1.jpg,53,103,108,238,phone
12_245_2.jpg,195,123,252,255,phone
13_1685_1.jpg,79,140,121,205,smoke
23_2346.jpg,90,143,132,210,smoke
23_502.jpg,184,130,243,281,phone
16_70_1.jpg,29,94,86,284,phone
23_2469.jpg,156,164,193,206,smoke
12_285_2.jpg,194,123,262,270,phone
23_722.jpg,216,108,239,248,phone
22_380_1.jpg,129,218,152,253,smoke
16_265_1.jpg,212,95,247,288,phone
8_710_1.jpg,125,157,147,183,smoke
13_1300_1.jpg,181,159,217,299,phone
23_701.jpg,49,120,82,277,phone
23_321.jpg,218,105,258,216,phone
23_1186.jpg,219,133,270,257,phone
23_1596.jpg,46,120,84,263,phone
23_1083.jpg,32,91,118,264,phone
13_1430_1.jpg,57,175,111,207,smoke
20_490_1.jpg,33,96,75,208,phone
2_25_1.jpg,73,212,130,261,smoke
13_1725_1.jpg,174,155,223,200,smoke
23_37.jpg,0,135,102,242,phone
23_728.jpg,72,127,104,261,phone
23_611.jpg,208,106,248,228,phone
0_350_1.jpg,125,211,146,242,smoke
15_450_1.jpg,107,158,132,192,smoke
17_210_1.jpg,107,136,139,161,smoke
23_1868.jpg,223,113,247,249,phone
0_695_1.jpg,141,208,162,228,smoke
1_775_1.jpg,206,126,239,287,phone
22_665_1.jpg,100,243,146,298,smoke
7_630_2.jpg,97,171,148,193,smoke
11_780_1.jpg,213,99,266,283,phone
6_65_2.jpg,59,83,93,279,phone
10_735_1.jpg,218,116,274,259,phone
23_1302.jpg,52,115,79,238,phone
23_67.jpg,186,115,240,263,phone
23_1266.jpg,150,146,187,204,smoke
14_175_1.jpg,215,96,272,233,phone
23_551.jpg,222,105,274,207,phone
23_65.jpg,49,115,85,232,phone
20_355_1.jpg,212,98,239,212,phone
7_780_2.jpg,158,160,213,183,smoke
1_290_1.jpg,53,135,83,291,phone
14_510_1.jpg,169,146,255,164,smoke
23_729.jpg,230,111,286,204,phone
23_986.jpg,153,156,189,211,smoke
0_495_1.jpg,142,210,160,228,smoke
20_675_1.jpg,183,139,226,169,smoke
23_111.jpg,52,104,95,275,phone
0_260_1.jpg,129,204,150,222,smoke
22_400_1.jpg,120,200,157,241,smoke
3_550_1.jpg,168,118,226,232,phone
15_100_1.jpg,56,110,96,238,phone
22_165_1.jpg,91,208,134,230,smoke
14_185_1.jpg,202,101,250,228,phone
2_610_1.jpg,164,233,208,273,smoke
22_1020_1.jpg,154,230,228,245,smoke
3_525_1.jpg,214,120,272,251,phone
6_965_1.jpg,177,170,243,193,smoke
17_305_1.jpg,56,110,92,227,phone
23_820.jpg,50,105,84,250,phone
22_215_1.jpg,74,225,157,265,smoke
13_1605_1.jpg,174,182,227,212,smoke
20_475_1.jpg,25,104,76,198,phone
22_785_1.jpg,135,233,177,270,smoke
12_35_2.jpg,40,116,96,245,phone
23_1629.jpg,235,114,281,234,phone
16_30_1.jpg,23,94,88,274,phone
22_300_1.jpg,75,223,132,262,smoke
4_525_1.jpg,143,179,165,204,smoke
2_340_1.jpg,68,224,134,269,smoke
23_1638.jpg,246,87,297,227,phone
1_315_1.jpg,62,127,102,299,phone
16_5_1.jpg,20,91,88,278,phone
26_109.jpg,44,85,76,216,phone
26_116.jpg,36,82,72,211,phone
28_13.jpg,99,217,154,262,smoke
26_90.jpg,39,87,75,220,phone
24_430.jpg,142,169,179,185,smoke
28_666.jpg,64,101,85,247,phone
24_617.jpg,126,216,169,237,smoke
28_221.jpg,73,168,132,194,smoke
24_608.jpg,131,223,173,247,smoke
25_550.jpg,137,233,163,250,smoke
28_185.jpg,113,175,156,211,smoke
24_58.jpg,198,128,217,242,phone
26_358.jpg,85,170,120,207,smoke
24_544.jpg,133,216,186,240,smoke
28_532.jpg,211,80,268,208,phone
28_513.jpg,207,99,257,213,phone
24_24.jpg,198,160,214,268,phone
24_84.jpg,198,115,221,227,phone
26_106.jpg,48,87,79,223,phone
28_709.jpg,75,112,95,247,phone
24_105.jpg,198,114,220,232,phone
25_137.jpg,48,64,77,200,phone
26_129.jpg,38,91,73,218,phone
24_180.jpg,56,84,88,215,phone
28_644.jpg,63,98,86,200,phone
25_598.jpg,124,213,162,267,smoke
28_739.jpg,71,113,105,250,phone
26_455.jpg,127,163,140,191,smoke
25_196.jpg,60,62,80,183,phone
26_95.jpg,60,101,87,229,phone
26_532.jpg,117,160,132,181,smoke
24_587.jpg,138,218,164,246,smoke
26_174.jpg,170,136,221,245,phone
26_526.jpg,124,160,137,180,smoke
26_119.jpg,29,80,71,210,phone
25_159.jpg,47,65,77,204,phone
24_450.jpg,141,161,174,184,smoke
26_478.jpg,130,159,142,179,smoke
28_10.jpg,99,216,154,265,smoke
24_552.jpg,137,201,180,220,smoke
26_127.jpg,32,87,69,211,phone
26_104.jpg,49,89,82,224,phone
24_71.jpg,200,123,217,231,phone
24_88.jpg,196,113,224,229,phone
26_93.jpg,55,92,85,228,phone
25_485.jpg,130,186,147,244,smoke
24_398.jpg,143,216,204,259,smoke
28_681.jpg,63,93,82,253,phone
25_157.jpg,45,72,76,214,phone
28_182.jpg,111,173,158,201,smoke
24_627.jpg,125,196,172,227,smoke
24_166.jpg,38,67,106,219,phone
28_502.jpg,210,94,252,213,phone
24_438.jpg,140,167,167,195,smoke
24_16.jpg,203,143,220,256,phone
24_53.jpg,198,127,219,241,phone
25_610.jpg,133,226,162,257,smoke
26_467.jpg,130,160,144,180,smoke
24_15.jpg,201,146,219,255,phone
25_203.jpg,63,62,82,183,phone
24_555.jpg,135,226,179,272,smoke
24_46.jpg,199,107,222,223,phone
28_497.jpg,206,116,244,217,phone
28_717.jpg,72,110,96,252,phone
24_600.jpg,136,192,177,220,smoke
28_649.jpg,60,98,85,229,phone
28_658.jpg,65,103,89,238,phone
26_407.jpg,110,163,130,181,smoke
24_13.jpg,210,150,228,258,phone
24_85.jpg,198,112,221,227,phone
26_107.jpg,48,89,81,224,phone
26_369.jpg,90,168,126,210,smoke
26_457.jpg,123,163,138,190,smoke
28_706.jpg,80,113,100,242,phone
24_74.jpg,199,124,216,229,phone
26_378.jpg,102,170,125,204,smoke
28_652.jpg,64,99,89,239,phone
28_538.jpg,212,75,276,200,phone
28_5.jpg,100,215,153,264,smoke
25_228.jpg,51,87,77,209,phone
28_477.jpg,208,121,249,232,phone
25_495.jpg,125,217,165,277,smoke
25_633.jpg,134,218,164,243,smoke
26_135.jpg,34,84,72,212,phone
24_549.jpg,131,221,179,264,smoke
28_647.jpg,61,98,87,198,phone
28_751.jpg,65,111,111,247,phone
24_445.jpg,144,159,172,183,smoke
28_493.jpg,209,119,247,222,phone
25_148.jpg,37,74,101,216,phone
28_47.jpg,74,214,153,256,smoke
24_108.jpg,201,116,222,233,phone
26_179.jpg,165,139,220,241,phone
25_508.jpg,145,224,177,251,smoke
24_65.jpg,200,120,221,233,phone
28_33.jpg,100,216,154,229,smoke
26_462.jpg,129,159,145,177,smoke
28_559.jpg,213,82,275,203,phone
26_479.jpg,130,161,143,181,smoke
26_133.jpg,33,86,71,208,phone
28_139.jpg,63,204,121,216,smoke
25_502.jpg,150,232,175,263,smoke
25_142.jpg,41,70,85,213,phone
28_603.jpg,213,82,257,213,phone
26_372.jpg,93,169,123,208,smoke
24_428.jpg,140,171,177,195,smoke
28_600.jpg,222,74,273,232,phone
26_483.jpg,131,161,143,180,smoke
24_39.jpg,200,130,217,237,phone
25_606.jpg,119,214,156,262,smoke
28_220.jpg,77,165,134,189,smoke
28_40.jpg,94,218,155,244,smoke
25_283.jpg,172,134,210,223,phone
28_236.jpg,130,151,173,167,smoke
24_191.jpg,59,78,89,218,phone
28_724.jpg,71,111,105,247,phone
28_508.jpg,209,95,252,211,phone
24_409.jpg,143,176,185,203,smoke
28_26.jpg,104,211,152,234,smoke
24_183.jpg,47,77,91,215,phone
26_126.jpg,28,70,69,210,phone
26_415.jpg,120,162,136,180,smoke
25_628.jpg,134,221,164,247,smoke
26_350.jpg,94,188,116,254,smoke
26_139.jpg,32,78,73,210,phone
28_663.jpg,69,100,90,243,phone
25_173.jpg,49,56,77,198,phone
26_175.jpg,160,135,217,245,phone
24_410.jpg,144,180,188,208,smoke
24_427.jpg,138,172,178,195,smoke
24_560.jpg,133,215,174,254,smoke
24_505.jpg,135,223,179,263,smoke
24_453.jpg,146,163,175,185,smoke
25_490.jpg,132,189,153,253,smoke
24_500.jpg,138,225,182,255,smoke
26_137.jpg,37,80,75,210,phone
25_614.jpg,131,227,158,253,smoke
24_433.jpg,140,181,180,208,smoke
26_105.jpg,50,91,81,224,phone
24_203.jpg,58,81,94,220,phone
28_695.jpg,74,114,94,252,phone
25_487.jpg,126,197,148,260,smoke
28_274.jpg,138,169,175,188,smoke
24_64.jpg,198,123,217,234,phone
25_636.jpg,121,206,166,250,smoke
26_519.jpg,122,161,135,180,smoke
24_22.jpg,198,158,216,266,phone
26_476.jpg,129,158,143,179,smoke
26_411.jpg,117,162,135,181,smoke
28_522.jpg,211,95,256,210,phone
24_417.jpg,145,193,193,219,smoke
26_98.jpg,52,91,83,225,phone
25_617.jpg,130,228,158,255,smoke
24_197.jpg,53,79,92,219,phone
24_69.jpg,197,124,215,232,phone
25_530.jpg,155,222,190,246,smoke
28_586.jpg,217,69,282,205,phone
24_155.jpg,41,70,117,220,phone
24_472.jpg,140,216,180,233,smoke
28_686.jpg,78,111,96,246,phone
28_490.jpg,204,124,242,227,phone
28_179.jpg,106,173,159,210,smoke
25_604.jpg,120,210,159,262,smoke
24_112.jpg,204,115,223,231,phone
26_121.jpg,31,77,69,210,phone
24_590.jpg,137,182,172,210,smoke
28_8.jpg,99,217,155,263,smoke
24_569.jpg,134,237,180,278,smoke
26_357.jpg,78,181,114,221,smoke
26_120.jpg,29,76,72,212,phone
24_579.jpg,135,220,162,257,smoke
25_522.jpg,152,222,188,243,smoke
25_638.jpg,117,208,170,257,smoke
24_114.jpg,205,112,226,233,phone
25_197.jpg,61,63,79,182,phone
25_626.jpg,137,224,165,249,smoke
25_482.jpg,132,194,158,255,smoke
24_563.jpg,138,226,183,248,smoke
26_142.jpg,33,91,74,207,phone
26_380.jpg,107,171,132,201,smoke
28_478.jpg,204,130,246,227,phone
24_208.jpg,51,72,90,219,phone
24_185.jpg,57,82,88,216,phone
28_672.jpg,66,90,85,236,phone
24_491.jpg,137,228,177,255,smoke
25_184.jpg,50,56,79,196,phone
24_441.jpg,137,202,179,248,smoke
25_281.jpg,179,143,218,231,phone
26_459.jpg,124,163,138,185,smoke
28_519.jpg,209,102,251,211,phone
28_27.jpg,102,215,154,234,smoke
28_661.jpg,73,97,89,234,phone
28_669.jpg,64,97,85,244,phone
26_124.jpg,28,72,71,210,phone
26_387.jpg,113,166,137,187,smoke
28_746.jpg,69,116,114,253,phone
25_141.jpg,52,66,86,209,phone
24_176.jpg,64,99,93,216,phone
28_527.jpg,212,85,272,209,phone
24_17.jpg,202,149,219,260,phone
26_470.jpg,130,159,143,179,smoke
28_592.jpg,220,69,285,208,phone
24_479.jpg,145,185,180,207,smoke
26_371.jpg,93,169,125,209,smoke
25_152.jpg,48,80,95,210,phone
24_449.jpg,140,165,172,187,smoke
25_542.jpg,146,204,169,220,smoke
28_729.jpg,72,110,106,243,phone
24_98.jpg,197,111,218,231,phone
24_595.jpg,138,165,167,187,smoke
26_465.jpg,131,161,144,180,smoke
25_222.jpg,66,77,84,193,phone
24_66.jpg,199,122,220,232,phone
26_353.jpg,80,208,107,252,smoke
28_548.jpg,210,82,270,207,phone
24_486.jpg,130,222,173,246,smoke
26_405.jpg,118,164,138,181,smoke
24_63.jpg,199,123,215,234,phone
24_193.jpg,54,75,94,216,phone
24_149.jpg,44,73,120,224,phone
24_14.jpg,205,156,221,258,phone
28_690.jpg,69,113,85,258,phone
26_102.jpg,52,93,85,223,phone
25_545.jpg,150,222,176,239,smoke
28_193.jpg,86,172,152,213,smoke
25_150.jpg,45,81,100,203,phone
26_94.jpg,55,98,85,230,phone
25_605.jpg,121,212,158,261,smoke
26_395.jpg,113,163,137,180,smoke
25_609.jpg,133,225,161,258,smoke
28_17.jpg,102,214,155,256,smoke
24_583.jpg,142,169,181,190,smoke
25_167.jpg,44,60,74,202,phone
28_516.jpg,208,100,253,215,phone
28_748.jpg,67,112,114,247,phone
24_45.jpg,197,105,221,223,phone
26_398.jpg,115,164,137,180,smoke
26_117.jpg,33,75,70,211,phone
28_524.jpg,216,86,266,211,phone
24_416.jpg,149,168,188,191,smoke
28_282.jpg,117,158,157,175,smoke
25_527.jpg,159,224,197,247,smoke
24_168.jpg,50,76,100,217,phone
24_157.jpg,48,76,115,224,phone
24_37.jpg,194,139,210,242,phone
25_139.jpg,51,63,82,205,phone
24_525.jpg,134,221,176,267,smoke
25_170.jpg,51,59,80,193,phone
24_62.jpg,198,124,218,235,phone
24_543.jpg,132,221,181,243,smoke
25_172.jpg,53,58,80,194,phone
24_510.jpg,132,225,181,266,smoke
24_541.jpg,127,229,176,268,smoke
28_504.jpg,209,91,252,211,phone
25_510.jpg,148,222,182,246,smoke
24_189.jpg,55,80,88,217,phone
28_314.jpg,92,169,145,181,smoke
25_213.jpg,65,65,84,184,phone
24_172.jpg,50,79,99,217,phone
24_92.jpg,200,112,224,227,phone
28_223.jpg,77,161,134,184,smoke
24_474.jpg,140,193,176,219,smoke
24_81.jpg,197,113,222,225,phone
24_613.jpg,127,212,170,230,smoke
25_602.jpg,120,212,158,263,smoke
26_99.jpg,52,90,82,223,phone
28_642.jpg,62,99,88,213,phone
24_38.jpg,197,135,212,241,phone
25_163.jpg,52,65,79,203,phone
28_482.jpg,201,131,248,226,phone
24_44.jpg,198,105,222,223,phone
26_114.jpg,38,86,74,212,phone
26_514.jpg,125,160,137,179,smoke
25_630.jpg,133,218,163,243,smoke
24_174.jpg,58,86,91,218,phone
24_498.jpg,143,206,182,228,smoke
25_199.jpg,62,66,83,187,phone
28_697.jpg,77,119,100,253,phone
25_505.jpg,133,224,175,272,smoke
25_529.jpg,158,221,192,244,smoke
